{
    "description": "[EXPERIMENTAL] Easily interact with web servers from Arduino, using HTTP and WebSocket's.", 
    "repository": {
        "url": "https://github.com/arduino-libraries/ArduinoHttpClient", 
        "type": "git"
    }, 
    "platforms": [
        "atmelavr", 
        "atmelsam", 
        "espressif8266", 
        "intel_arc32", 
        "microchippic32", 
        "nordicnrf51", 
        "teensy", 
        "timsp430"
    ], 
    "export": {
        "exclude": [
            "extras", 
            "docs", 
            "tests", 
            "test", 
            "*.doxyfile", 
            "*.pdf"
        ], 
        "include": null
    }, 
    "authors": [
        {
            "maintainer": true, 
            "name": "Arduino", 
            "url": null, 
            "email": "info@arduino.cc"
        }
    ], 
    "keywords": [
        "communication"
    ], 
    "id": 798, 
    "name": "ArduinoHttpClient", 
    "frameworks": [
        "arduino"
    ], 
    "version": "0.3.1", 
    "homepage": null
}